{
  "threshold": 80.0,
  "headers": {
    "total": 4,
    "matched": 0,
    "unmatched": 4,
    "match_rate": 0.0,
    "avg_score": 45.1578947368421,
    "matching_time_seconds": 0.002102959027979523
  },
  "columns": {
    "total": 5,
    "matched": 3,
    "unmatched": 2,
    "match_rate": 0.6,
    "avg_score": 81.6969696969697,
    "matching_time_seconds": 0.0005848330329172313
  }
}
